Age,DailyRate,DistanceFromHome,Education,EmployeeCount,EmployeeNumber,EnvironmentSatisfaction,HourlyRate,JobInvolvement,JobLevel,JobSatisfaction,MonthlyIncome,MonthlyRate,NumCompaniesWorked,PercentSalaryHike,PerformanceRating,RelationshipSatisfaction,StandardHours,StockOptionLevel,TotalWorkingYears,TrainingTimesLastYear,WorkLifeBalance,YearsAtCompany,YearsInCurrentRole,YearsSinceLastPromotion,YearsWithCurrManager,BusinessTravel_Travel_Frequently,BusinessTravel_Travel_Rarely,Department_Research & Development,Department_Sales,EducationField_Life Sciences,EducationField_Marketing,EducationField_Medical,EducationField_Other,EducationField_Technical Degree,Gender_Male,JobRole_Human Resources,JobRole_Laboratory Technician,JobRole_Manager,JobRole_Manufacturing Director,JobRole_Research Director,JobRole_Research Scientist,JobRole_Sales Executive,JobRole_Sales Representative,MaritalStatus_Married,MaritalStatus_Single,OverTime_Yes,Actual_Attrition,Attrition_Probability,Risk_Level,Department,JobRole
24,830,13,2,1,1495,4,78,3,1,2,2033,7103,1,13,3,3,80,1,1,2,3,1,0,0,0,False,False,False,True,True,False,False,False,False,False,False,False,False,False,False,False,False,True,True,False,False,0,0.29293575821030393,Low,Sales,Sales Representative
44,1117,2,1,1,1246,1,72,4,1,4,2011,19982,1,13,3,4,80,1,10,5,3,10,5,7,7,False,True,True,False,True,False,False,False,False,False,False,False,False,False,False,True,False,False,True,False,False,0,0.02032815971607311,Low,Research & Development,Research Scientist
31,688,7,3,1,613,3,44,2,3,4,11557,25291,9,21,4,3,80,1,10,3,2,5,4,0,1,False,True,False,True,True,False,False,False,False,True,False,False,True,False,False,False,False,False,False,False,False,0,0.3099306656033241,Medium,Sales,Manager
44,1199,4,2,1,1288,3,92,4,5,1,19190,17477,1,14,3,4,80,2,26,4,2,25,9,14,13,False,True,True,False,True,False,False,False,False,True,False,False,True,False,False,False,False,False,False,False,False,0,0.04876735681277242,Low,Research & Development,Manager
36,318,9,3,1,90,4,79,2,1,3,3388,21777,0,17,3,1,80,1,2,0,2,1,0,0,0,False,True,True,False,False,False,True,False,False,True,False,False,False,False,False,True,False,False,True,False,True,1,0.6515698162499972,High,Research & Development,Research Scientist
40,448,16,3,1,1641,3,84,3,3,4,7945,19948,6,15,3,4,80,0,18,2,2,4,2,3,3,False,True,True,False,True,False,False,False,False,False,False,False,False,True,False,False,False,False,False,True,True,0,0.6709463511870074,High,Research & Development,Manufacturing Director
52,319,3,3,1,543,4,39,2,3,3,7969,19609,2,14,3,3,80,0,28,4,3,5,4,0,4,False,True,True,False,False,False,True,False,False,True,False,False,False,True,False,False,False,False,True,False,True,0,0.07806037951040286,Low,Research & Development,Manufacturing Director
43,823,6,3,1,1866,1,81,2,5,3,19392,22539,7,13,3,4,80,0,21,2,3,16,12,6,14,False,True,True,False,False,False,True,False,False,False,False,False,True,False,False,False,False,False,True,False,False,0,0.21161840858614628,Low,Research & Development,Manager
35,1370,27,4,1,1728,4,49,3,2,3,6883,5151,2,16,3,2,80,1,17,3,3,7,7,0,7,False,True,True,False,True,False,False,False,False,True,False,False,False,True,False,False,False,False,True,False,False,0,0.019837342397896522,Low,Research & Development,Manufacturing Director
18,1431,14,3,1,1839,2,33,3,1,3,1514,8018,1,16,3,3,80,0,0,4,1,0,0,0,0,False,False,True,False,False,False,True,False,False,False,False,False,False,False,False,True,False,False,False,True,False,0,0.24541766033175805,Low,Research & Development,Research Scientist
34,678,19,3,1,1701,2,35,2,1,4,2929,20338,1,12,3,2,80,0,10,3,3,10,9,8,7,False,True,True,False,True,False,False,False,False,False,False,False,False,False,False,True,False,False,True,False,False,0,0.24589387688105263,Low,Research & Development,Research Scientist
54,1082,2,4,1,1070,3,41,2,3,3,10686,8392,6,11,3,2,80,1,13,4,3,9,4,7,0,False,True,False,True,True,False,False,False,False,False,False,False,False,False,False,False,True,False,True,False,False,0,0.5041415515618032,Medium,Sales,Sales Executive
35,138,2,3,1,269,2,37,3,2,2,4425,15986,5,11,3,4,80,0,10,5,3,6,2,1,2,True,False,True,False,False,False,True,False,False,False,False,True,False,False,False,False,False,False,False,True,False,0,0.8535230686582508,High,Research & Development,Laboratory Technician
31,196,29,4,1,1784,1,91,2,2,4,5468,13402,1,14,3,1,80,2,13,3,3,12,7,5,7,False,True,False,True,False,True,False,False,False,False,False,False,False,False,False,False,True,False,True,False,False,0,0.53361247413436,Medium,Sales,Sales Executive
51,968,6,2,1,1297,2,40,2,1,3,2838,4257,0,14,3,2,80,0,8,6,2,7,0,7,7,True,False,True,False,False,False,True,False,False,False,False,True,False,False,False,False,False,False,False,True,False,0,0.6538564503026623,High,Research & Development,Laboratory Technician
27,1220,5,3,1,434,3,85,3,1,2,2478,20938,1,12,3,2,80,0,4,2,2,4,3,1,2,False,True,True,False,True,False,False,False,False,False,False,False,False,False,False,True,False,False,False,True,True,0,0.678100684971392,High,Research & Development,Research Scientist
41,645,1,3,1,534,2,49,4,3,1,8392,19566,1,16,3,3,80,1,10,2,3,10,7,0,7,False,True,False,True,False,True,False,False,False,True,False,False,False,False,False,False,True,False,True,False,False,0,0.16074033869345336,Low,Sales,Sales Executive
38,1327,2,2,1,361,4,39,2,2,4,5249,19682,3,18,3,4,80,1,13,0,3,8,7,7,5,False,False,False,True,True,False,False,False,False,True,False,False,False,False,False,False,True,False,True,False,False,0,0.027111586972327236,Low,Sales,Sales Executive
30,946,2,3,1,833,3,52,2,2,4,6877,20234,5,24,4,2,80,0,12,4,2,0,0,0,0,False,True,True,False,False,False,True,False,False,False,False,False,False,True,False,False,False,False,False,True,True,0,0.5697387546539292,Medium,Research & Development,Manufacturing Director
35,287,1,4,1,2052,3,62,1,1,4,2977,8952,1,12,3,4,80,1,4,5,3,4,3,1,1,False,True,True,False,True,False,False,False,False,False,False,False,False,False,False,True,False,False,True,False,False,0,0.0866973238079393,Low,Research & Development,Research Scientist
29,341,1,3,1,896,2,48,2,1,3,2800,23522,6,19,3,3,80,3,5,3,3,3,2,0,2,False,True,False,True,False,False,True,False,False,False,False,False,False,False,False,False,False,True,False,False,True,1,0.8199626463279073,High,Sales,Sales Representative
31,330,22,4,1,1389,4,98,3,2,3,6179,21057,1,15,3,4,80,2,10,3,2,10,2,6,7,False,True,True,False,False,False,True,False,False,True,False,False,False,True,False,False,False,False,True,False,True,1,0.42641224803505373,Medium,Research & Development,Manufacturing Director
45,1457,7,3,1,1195,1,83,3,1,3,4477,20100,4,19,3,3,80,1,7,2,2,3,2,0,2,False,True,True,False,False,False,True,False,False,False,False,False,False,False,False,True,False,False,True,False,True,0,0.35255614039572514,Medium,Research & Development,Research Scientist
40,1142,8,2,1,1552,4,72,3,2,4,4069,8841,3,18,3,3,80,0,8,2,3,2,2,2,2,False,False,True,False,True,False,False,False,False,True,False,False,False,False,False,False,False,False,False,False,True,0,0.038634161146705495,Low,Research & Development,Healthcare Representative
28,857,10,3,1,1097,3,59,3,2,3,3660,7909,3,13,3,4,80,0,10,4,4,8,7,1,7,False,True,True,False,False,False,False,True,False,False,False,False,False,False,False,True,False,False,False,True,False,0,0.037817100612904476,Low,Research & Development,Research Scientist
25,891,4,2,1,527,2,99,2,2,4,4487,12090,1,11,3,2,80,0,5,3,3,5,4,1,3,False,True,False,True,True,False,False,False,False,False,False,False,False,False,False,False,True,False,False,True,True,0,0.7882129887264893,High,Sales,Sales Executive
42,855,12,3,1,1768,2,57,3,1,2,2766,8952,8,22,4,2,80,3,7,6,2,5,3,0,4,False,True,True,False,False,False,True,False,False,True,False,True,False,False,False,False,False,False,False,False,False,0,0.39833243919646255,Medium,Research & Development,Laboratory Technician
51,1150,8,4,1,179,1,53,1,3,4,10650,25150,2,15,3,4,80,0,18,2,3,4,2,0,3,True,False,True,False,True,False,False,False,False,True,False,False,False,True,False,False,False,False,False,True,False,1,0.26042828389353273,Low,Research & Development,Manufacturing Director
35,882,3,4,1,984,4,92,3,3,4,7823,6812,6,13,3,2,80,1,12,2,3,10,9,0,8,False,True,False,True,True,False,False,False,False,True,False,False,False,False,False,False,True,False,False,False,False,0,0.059945706080077904,Low,Sales,Sales Executive
41,1360,12,3,1,58,2,49,3,5,3,19545,16280,1,12,3,4,80,0,23,0,3,22,15,15,8,False,True,True,False,False,False,False,False,True,False,False,False,False,False,True,False,False,False,True,False,False,1,0.09707225534123047,Low,Research & Development,Research Director
35,819,18,5,1,1621,2,48,4,2,1,5208,26312,1,11,3,4,80,0,16,2,3,16,15,1,10,False,True,True,False,True,False,False,False,False,True,False,False,False,False,False,True,False,False,True,False,False,0,0.07512445583994554,Low,Research & Development,Research Scientist
48,969,2,2,1,1258,4,76,4,1,2,2559,16620,5,11,3,3,80,0,7,4,2,1,0,0,0,False,True,True,False,False,False,False,False,True,True,False,True,False,False,False,False,False,False,False,True,False,0,0.5482438200308833,Medium,Research & Development,Laboratory Technician
45,252,2,3,1,834,2,95,2,1,3,2274,6153,1,14,3,4,80,0,1,3,3,1,0,0,0,False,True,True,False,True,False,False,False,False,False,False,False,False,False,False,True,False,False,False,True,False,0,0.2222004694583953,Low,Research & Development,Research Scientist
49,174,8,4,1,1138,4,56,2,4,2,13120,11879,6,17,3,2,80,1,22,3,3,9,8,2,3,False,True,False,True,False,False,False,False,True,True,False,False,False,False,False,False,True,False,True,False,False,0,0.4741699147479226,Medium,Sales,Sales Executive
34,546,10,3,1,934,2,83,3,1,2,2008,6896,1,14,3,2,80,2,1,3,3,1,0,1,0,False,True,True,False,True,False,False,False,False,True,False,True,False,False,False,False,False,False,False,False,False,0,0.5000593086709002,Medium,Research & Development,Laboratory Technician
33,1076,3,3,1,702,1,70,3,1,1,3348,3164,1,11,3,1,80,0,10,3,3,10,8,9,7,True,False,True,False,True,False,False,False,False,True,False,False,False,False,False,True,False,False,False,True,True,1,0.9320428323086392,High,Research & Development,Research Scientist
37,397,7,4,1,102,1,30,3,3,3,13664,25258,4,13,3,1,80,0,16,3,4,5,2,0,2,False,True,True,False,False,False,True,False,False,True,False,False,False,False,True,False,False,False,False,True,False,0,0.0885021901398002,Low,Research & Development,Research Director
27,954,9,3,1,1965,4,44,3,2,4,4105,5099,1,14,3,1,80,0,7,5,3,7,7,0,7,False,True,False,True,False,True,False,False,False,True,False,False,False,False,False,False,True,False,False,True,False,0,0.1456105230206286,Low,Sales,Sales Executive
30,853,7,4,1,1224,3,49,3,2,3,3491,11309,1,13,3,1,80,3,10,4,2,10,7,8,9,False,True,True,False,True,False,False,False,False,True,False,True,False,False,False,False,False,False,False,False,False,0,0.30057570779209597,Medium,Research & Development,Laboratory Technician
31,335,9,2,1,991,3,46,2,1,1,2321,10322,0,22,4,1,80,0,4,0,3,3,2,1,2,False,False,True,False,False,False,True,False,False,True,False,False,False,False,False,True,False,False,False,True,True,1,0.770453282924437,High,Research & Development,Research Scientist
51,313,3,3,1,258,4,98,3,4,2,13734,7192,3,18,3,3,80,0,21,6,3,7,7,1,0,False,True,True,False,False,False,True,False,False,False,False,False,False,False,False,False,False,False,False,True,False,0,0.035866547854748104,Low,Research & Development,Healthcare Representative
24,477,24,3,1,1173,4,49,3,1,2,3597,6409,8,22,4,4,80,0,6,2,3,4,3,1,2,False,True,True,False,False,False,True,False,False,True,False,True,False,False,False,False,False,False,False,True,False,0,0.86381281456644,High,Research & Development,Laboratory Technician
43,1034,16,3,1,327,4,80,3,4,4,16064,7744,5,22,4,3,80,1,22,3,3,17,13,1,9,False,True,False,True,False,True,False,False,False,False,False,False,True,False,False,False,False,False,True,False,True,0,0.06976897817672244,Low,Sales,Manager
56,1443,11,5,1,1935,4,89,2,2,1,5380,20328,4,16,3,3,80,1,6,3,3,0,0,0,0,False,True,False,True,False,True,False,False,False,False,False,False,False,False,False,False,True,False,True,False,False,0,0.22596407713618163,Low,Sales,Sales Executive
30,241,7,3,1,1609,2,48,2,1,2,2141,5348,1,12,3,2,80,1,6,3,2,6,4,1,1,False,True,True,False,False,False,True,False,False,True,False,False,False,False,False,True,False,False,True,False,False,0,0.5025888708893738,Medium,Research & Development,Research Scientist
34,1480,4,3,1,1882,3,64,3,3,4,9713,24444,2,13,3,4,80,3,9,3,3,5,3,1,0,False,True,False,True,True,False,False,False,False,True,False,False,False,False,False,False,True,False,True,False,True,0,0.356369030236311,Medium,Sales,Sales Executive
23,160,4,1,1,1735,3,51,3,1,2,3295,12862,1,13,3,3,80,0,3,3,1,3,2,1,2,False,True,True,False,False,False,True,False,False,False,False,True,False,False,False,False,False,False,False,True,False,0,0.7838645252048855,High,Research & Development,Laboratory Technician
35,146,2,4,1,1704,1,79,2,1,4,4930,13970,0,14,3,3,80,0,6,2,4,5,4,1,4,True,False,True,False,False,False,True,False,False,True,False,False,False,False,False,True,False,False,False,True,True,0,0.7479545107449679,High,Research & Development,Research Scientist
39,1431,1,4,1,332,3,96,3,1,3,2232,15417,7,14,3,3,80,3,7,1,3,3,2,1,2,False,True,True,False,False,False,True,False,False,False,False,True,False,False,False,False,False,False,False,False,False,0,0.12257064815079362,Low,Research & Development,Laboratory Technician
28,304,9,4,1,498,2,92,3,2,4,5253,20750,1,16,3,4,80,0,7,1,3,7,5,0,7,False,True,False,True,True,False,False,False,False,True,False,False,False,False,False,False,True,False,False,True,False,0,0.21319521516241116,Low,Sales,Sales Executive
33,430,7,3,1,1477,4,54,3,2,1,4373,17456,0,14,3,1,80,2,5,2,3,4,3,0,3,True,False,False,True,False,False,True,False,False,True,False,False,False,False,False,False,True,False,True,False,False,0,0.43802510300119124,Medium,Sales,Sales Executive
26,1096,6,3,1,1918,3,61,4,1,4,2544,7102,0,18,3,1,80,1,8,3,3,7,7,7,7,True,False,True,False,False,False,False,True,False,True,False,True,False,False,False,False,False,False,True,False,False,0,0.12913049946012836,Low,Research & Development,Laboratory Technician
38,345,10,2,1,2041,1,100,3,2,4,5343,5982,1,11,3,3,80,1,10,1,3,10,7,1,9,False,True,False,True,True,False,False,False,False,False,False,False,False,False,False,False,True,False,True,False,False,0,0.11351964017231768,Low,Sales,Sales Executive
35,1402,28,4,1,1554,2,98,2,1,3,2430,26204,0,23,4,1,80,2,6,5,3,5,3,4,2,False,True,False,True,True,False,False,False,False,False,False,False,False,False,False,False,False,True,True,False,False,0,0.5929453759427317,Medium,Sales,Sales Representative
35,1258,1,4,1,826,4,40,4,1,3,2506,13301,3,13,3,3,80,0,7,0,3,2,2,2,2,False,True,True,False,True,False,False,False,False,False,False,False,False,False,False,True,False,False,False,True,False,0,0.07979925527188246,Low,Research & Development,Research Scientist
37,1225,10,2,1,715,4,80,4,1,4,4680,15232,3,17,3,1,80,0,4,2,3,1,0,0,0,False,True,True,False,True,False,False,False,False,True,False,False,False,False,False,True,False,False,False,True,False,0,0.10187122075616074,Low,Research & Development,Research Scientist
40,302,6,3,1,601,2,75,3,4,3,13237,20364,7,15,3,3,80,0,22,3,3,20,6,5,13,False,True,True,False,True,False,False,False,False,False,False,False,False,True,False,False,False,False,False,True,False,0,0.2485872232884009,Low,Research & Development,Manufacturing Director
31,542,20,3,1,175,2,71,1,2,3,4559,24788,3,11,3,3,80,1,4,2,3,2,2,2,2,False,True,False,True,True,False,False,False,False,False,False,False,False,False,False,False,True,False,True,False,True,1,0.9336497125625428,High,Sales,Sales Executive
29,657,27,3,1,793,2,66,3,2,3,4335,25549,4,12,3,1,80,1,11,3,2,8,7,1,1,False,True,True,False,False,False,True,False,False,False,False,False,False,False,False,False,False,False,True,False,False,0,0.37056267548249294,Medium,Research & Development,Healthcare Representative
59,326,3,3,1,1254,3,48,2,2,4,5171,16490,5,17,3,4,80,0,13,2,3,6,1,0,5,False,True,False,True,True,False,False,False,False,False,False,False,False,False,False,False,True,False,False,True,False,0,0.11192161843936413,Low,Sales,Sales Executive
32,601,7,5,1,1446,4,97,3,2,4,9204,23343,4,12,3,3,80,1,7,3,2,4,3,0,3,False,True,False,True,False,True,False,False,False,True,False,False,False,False,False,False,True,False,True,False,False,0,0.19474225950745963,Low,Sales,Sales Executive
33,267,21,3,1,1698,2,79,4,1,2,2028,13637,1,18,3,4,80,3,14,6,3,14,11,2,13,False,True,True,False,False,False,True,False,False,True,False,True,False,False,False,False,False,False,True,False,False,0,0.034863319127506946,Low,Research & Development,Laboratory Technician
27,894,9,3,1,260,4,99,3,1,2,2279,11781,1,16,3,4,80,0,7,2,2,7,7,0,3,False,True,True,False,False,False,True,False,False,False,False,False,False,False,False,True,False,False,False,True,False,0,0.08177963039281468,Low,Research & Development,Research Scientist
43,343,9,3,1,1813,1,52,3,1,3,2438,24978,4,13,3,3,80,0,7,2,2,3,2,1,2,False,False,True,False,True,False,False,False,False,True,False,False,False,False,False,True,False,False,False,True,False,0,0.309117380178746,Medium,Research & Development,Research Scientist
34,628,8,3,1,2068,2,82,4,2,3,4404,10228,2,12,3,1,80,0,6,3,4,4,3,1,2,False,True,True,False,False,False,True,False,False,True,False,True,False,False,False,False,False,False,True,False,False,0,0.5666732435248072,Medium,Research & Development,Laboratory Technician
37,1239,8,2,1,1794,3,89,3,2,2,4071,12832,2,13,3,3,80,0,19,4,2,10,0,4,7,False,True,False,False,False,False,False,True,False,True,True,False,False,False,False,False,False,False,False,False,False,0,0.06367844050738403,Low,Human Resources,Human Resources
36,1195,11,3,1,85,2,95,2,2,2,6499,22656,1,13,3,3,80,0,6,3,3,6,5,0,3,True,False,True,False,True,False,False,False,False,True,False,False,False,True,False,False,False,False,False,True,False,0,0.41266397359638346,Medium,Research & Development,Manufacturing Director
26,920,20,2,1,1818,4,69,3,1,2,2148,6889,0,11,3,3,80,0,6,3,3,5,1,1,4,False,True,False,False,False,False,True,False,False,False,True,False,False,False,False,False,False,False,True,False,True,1,0.560745991898176,Medium,Human Resources,Human Resources
41,1283,5,5,1,1448,2,90,4,1,3,2127,5561,2,12,3,1,80,0,7,5,2,4,2,0,3,False,True,True,False,False,False,True,False,False,True,False,False,False,False,False,True,False,False,True,False,True,0,0.3528800540812719,Medium,Research & Development,Research Scientist
32,862,2,1,1,1190,3,76,3,1,1,2827,14947,1,12,3,3,80,3,1,3,3,1,0,0,0,False,False,False,True,True,False,False,False,False,False,False,False,False,False,False,False,False,True,False,False,False,0,0.14096667713826705,Low,Sales,Sales Representative
35,1146,26,4,1,2040,3,31,3,3,4,8837,16642,1,16,3,3,80,0,9,2,3,9,0,1,7,False,True,False,False,True,False,False,False,False,False,True,False,False,False,False,False,False,False,False,True,True,0,0.7588154565200618,High,Human Resources,Human Resources
39,1329,4,4,1,182,4,47,2,2,3,5902,14590,4,14,3,3,80,1,17,1,4,15,11,5,9,False,True,False,True,True,False,False,False,False,False,False,False,False,False,False,False,True,False,True,False,False,0,0.03522384653172892,Low,Sales,Sales Executive
59,1429,18,4,1,1283,4,67,3,3,4,10512,20002,6,12,3,4,80,0,25,6,2,9,7,5,4,False,True,True,False,False,False,True,False,False,True,False,False,False,True,False,False,False,False,False,True,False,0,0.050075085683148564,Low,Research & Development,Manufacturing Director
29,1082,9,4,1,1709,4,43,3,1,3,2974,25412,9,17,3,3,80,1,9,2,3,5,3,1,2,False,True,True,False,False,False,True,False,False,False,False,True,False,False,False,False,False,False,True,False,False,0,0.39584982989145046,Medium,Research & Development,Laboratory Technician
34,1031,6,4,1,151,3,45,2,2,2,4505,15000,6,15,3,3,80,1,12,3,3,1,0,0,0,False,True,True,False,True,False,False,False,False,False,False,False,False,False,False,True,False,False,False,False,False,0,0.16609365965113246,Low,Research & Development,Research Scientist
45,556,25,2,1,1888,2,93,2,2,4,5906,23888,0,13,3,4,80,2,10,2,2,9,8,3,8,False,True,True,False,True,False,False,False,False,False,False,False,False,True,False,False,False,False,True,False,False,0,0.05588672978480446,Low,Research & Development,Manufacturing Director
49,1490,7,4,1,1484,3,35,3,3,2,10466,20948,3,14,3,2,80,2,29,3,3,8,7,0,7,False,True,True,False,True,False,False,False,False,True,False,False,False,False,False,False,False,False,False,False,False,0,0.004164183563396068,Low,Research & Development,Healthcare Representative
38,119,3,3,1,307,1,76,3,3,3,10609,9647,0,12,3,3,80,2,17,6,2,16,10,5,13,False,True,False,True,True,False,False,False,False,True,False,False,False,False,False,False,True,False,False,False,False,0,0.05682548777832963,Low,Sales,Sales Executive
31,311,20,3,1,1881,2,89,3,2,3,4197,18624,1,11,3,1,80,1,10,2,3,10,8,0,2,False,True,True,False,True,False,False,False,False,True,False,True,False,False,False,False,False,False,False,False,False,0,0.61645573325796,High,Research & Development,Laboratory Technician
30,111,9,3,1,239,3,66,3,2,1,3072,11012,1,11,3,3,80,2,12,4,3,12,9,6,10,False,False,True,False,False,False,True,False,False,True,False,True,False,False,False,False,False,False,False,False,False,0,0.12856502471181808,Low,Research & Development,Laboratory Technician
33,1283,2,3,1,1756,4,62,3,2,2,5147,10697,8,15,3,4,80,0,13,2,2,11,7,1,7,False,False,False,True,False,True,False,False,False,False,False,False,False,False,False,False,True,False,False,True,False,0,0.10534781167427623,Low,Sales,Sales Executive
26,342,2,3,1,1053,1,57,3,1,1,2042,15346,6,14,3,2,80,1,6,2,3,3,2,1,2,True,False,True,False,True,False,False,False,False,True,False,False,False,False,False,True,False,False,True,False,True,1,0.9531078002601772,High,Research & Development,Research Scientist
58,147,23,4,1,165,4,94,3,3,4,10312,3465,1,12,3,4,80,1,40,3,2,40,10,15,6,False,True,True,False,False,False,True,False,False,False,False,False,False,False,False,False,False,False,True,False,False,1,0.03853796644744802,Low,Research & Development,Healthcare Representative
53,1282,5,3,1,32,3,58,3,5,3,19094,10735,4,11,3,4,80,1,26,3,2,14,13,4,8,False,True,True,False,False,False,False,True,False,False,False,False,True,False,False,False,False,False,False,False,False,0,0.006144974841327349,Low,Research & Development,Manager
27,511,2,2,1,1898,1,89,4,2,3,6500,26997,0,14,3,2,80,0,9,5,2,8,7,0,7,False,True,False,True,False,False,True,False,False,False,False,False,False,False,False,False,True,False,False,True,False,0,0.1846665107966698,Low,Sales,Sales Executive
40,369,8,2,1,1724,2,92,3,2,1,6516,5041,2,16,3,2,80,1,18,3,3,1,0,0,0,False,True,True,False,True,False,False,False,False,False,False,False,False,True,False,False,False,False,True,False,True,0,0.3831259673892143,Medium,Research & Development,Manufacturing Director
38,1495,10,3,1,634,3,76,3,2,3,9824,22174,3,19,3,3,80,1,18,4,3,1,0,0,0,False,True,True,False,False,False,True,False,False,False,False,False,False,False,False,False,False,False,True,False,False,0,0.010405034385249808,Low,Research & Development,Healthcare Representative
44,1376,1,2,1,1098,2,91,2,3,1,10482,2326,9,14,3,4,80,1,24,1,3,20,6,3,6,False,True,False,False,False,False,True,False,False,True,True,False,False,False,False,False,False,False,True,False,False,1,0.45880746648349763,Medium,Human Resources,Human Resources
41,509,2,4,1,616,1,62,2,2,3,6811,2112,2,17,3,1,80,0,10,3,3,8,7,0,7,False,False,True,False,False,False,False,True,False,False,False,False,False,False,False,False,False,False,False,True,True,0,0.08706193778677783,Low,Research & Development,Healthcare Representative
37,1278,1,4,1,1700,3,31,1,2,4,9525,7677,1,14,3,3,80,2,6,2,2,6,3,1,3,True,False,False,True,False,False,True,False,False,True,False,False,False,False,False,False,True,False,False,False,False,0,0.23958448135138757,Low,Sales,Sales Executive
46,526,1,2,1,244,2,92,3,3,1,10453,2137,1,25,4,3,80,3,24,2,3,24,13,15,7,False,True,False,True,False,True,False,False,False,False,False,False,False,False,False,False,True,False,False,False,False,0,0.16005388406811144,Low,Sales,Sales Executive
52,699,1,4,1,259,3,65,2,5,3,19999,5678,0,14,3,1,80,1,34,5,3,33,18,11,9,False,True,True,False,True,False,False,False,False,True,False,False,True,False,False,False,False,False,True,False,False,0,0.04001954975854458,Low,Research & Development,Manager
25,599,24,1,1,1273,3,73,1,1,4,1118,8040,1,14,3,4,80,0,1,4,3,1,0,1,0,True,False,False,True,True,False,False,False,False,True,False,False,False,False,False,False,False,True,False,True,True,1,0.9883368255019753,High,Sales,Sales Representative
29,1404,20,3,1,974,3,84,3,1,4,2157,18203,1,15,3,2,80,1,3,5,3,3,1,0,2,True,False,False,True,False,False,False,False,True,False,False,False,False,False,False,False,False,True,True,False,False,0,0.5809162742434918,Medium,Sales,Sales Representative
31,444,5,3,1,399,4,84,3,1,2,2789,3909,1,11,3,3,80,1,2,5,2,2,2,2,2,True,False,False,True,False,True,False,False,False,False,False,False,False,False,False,False,False,True,False,False,False,0,0.5712374358193245,Medium,Sales,Sales Representative
25,383,9,2,1,1439,1,68,2,1,1,4400,15182,3,12,3,1,80,0,6,2,3,3,2,2,2,False,True,False,True,True,False,False,False,False,True,False,False,False,False,False,False,False,True,True,False,False,1,0.9653578614571221,High,Sales,Sales Representative
24,567,2,1,1,1646,1,32,3,1,4,3760,17218,1,13,3,3,80,0,6,2,3,6,3,1,3,True,False,True,False,False,False,False,False,True,False,False,False,False,False,False,True,False,False,False,True,True,0,0.871723138605162,High,Research & Development,Research Scientist
29,992,1,3,1,300,3,85,3,1,3,2058,19757,0,14,3,4,80,0,7,1,2,6,2,1,5,False,True,True,False,False,False,False,False,True,True,False,False,False,False,False,True,False,False,False,True,False,1,0.1642051673385152,Low,Research & Development,Research Scientist
25,1382,8,2,1,2018,1,85,3,2,3,4907,13684,0,22,4,2,80,1,6,3,2,5,3,0,4,False,True,False,True,False,False,False,True,False,False,False,False,False,False,False,False,True,False,False,False,True,0,0.3435294585718447,Medium,Sales,Sales Executive
35,482,4,4,1,1350,3,87,3,2,3,4249,2690,1,11,3,2,80,0,9,3,3,9,6,1,1,True,False,True,False,True,False,False,False,False,True,False,False,False,False,False,True,False,False,False,True,True,0,0.8220344083056119,High,Research & Development,Research Scientist
46,430,1,4,1,1069,4,40,3,5,4,19627,21445,9,17,3,4,80,2,23,0,3,2,2,2,2,False,True,True,False,False,False,True,False,False,True,False,False,False,False,True,False,False,False,False,False,False,0,0.011923000796786055,Low,Research & Development,Research Director
42,188,29,3,1,1148,2,56,1,2,4,4272,9558,4,19,3,1,80,0,16,3,3,1,0,0,0,False,True,True,False,False,False,True,False,False,True,False,True,False,False,False,False,False,False,False,True,False,0,0.8897500848438086,High,Research & Development,Laboratory Technician
37,571,10,1,1,802,4,82,3,1,1,2782,19905,0,13,3,2,80,2,6,3,2,5,3,4,3,False,True,True,False,True,False,False,False,False,False,False,False,False,False,False,True,False,False,False,False,True,0,0.33974506839957763,Medium,Research & Development,Research Scientist
27,1054,8,3,1,1751,3,67,3,1,4,3445,6152,1,11,3,3,80,0,6,5,2,6,2,1,4,False,True,True,False,False,False,True,False,False,False,False,False,False,False,False,True,False,False,False,True,False,0,0.11124941534263058,Low,Research & Development,Research Scientist
38,1404,1,3,1,1961,1,59,2,1,1,2858,11473,4,14,3,1,80,0,20,3,2,1,0,0,0,False,True,False,True,True,False,False,False,False,True,False,False,False,False,False,False,False,True,False,True,False,0,0.8603742057047928,High,Sales,Sales Representative
36,301,15,4,1,2036,4,88,1,2,4,5406,10436,1,24,4,1,80,1,15,4,2,15,12,11,11,False,False,False,True,False,True,False,False,False,True,False,False,False,False,False,False,True,False,False,False,False,0,0.08875876694419646,Low,Sales,Sales Executive
27,618,4,3,1,933,2,76,3,1,3,2318,17808,1,19,3,3,80,0,1,2,3,1,1,0,0,False,True,True,False,True,False,False,False,False,False,False,False,False,False,False,True,False,False,False,True,False,0,0.23739079853837008,Low,Research & Development,Research Scientist
40,1416,2,2,1,352,1,49,3,5,3,19436,5949,0,19,3,4,80,1,22,5,3,21,7,3,9,False,True,True,False,False,False,True,False,False,True,False,False,False,False,True,False,False,False,False,False,False,0,0.002912676052029066,Low,Research & Development,Research Director
44,935,3,3,1,1333,1,89,3,1,1,2362,14669,4,12,3,3,80,0,10,4,4,3,2,1,2,False,True,True,False,True,False,False,False,False,True,False,True,False,False,False,False,False,False,True,False,False,1,0.464053158295425,Medium,Research & Development,Laboratory Technician
34,1351,1,4,1,1580,2,45,3,2,4,5484,13008,9,17,3,2,80,1,9,3,2,2,2,2,1,False,True,True,False,True,False,False,False,False,True,False,False,False,False,False,True,False,False,True,False,False,0,0.3694465249977199,Medium,Research & Development,Research Scientist
36,559,12,4,1,1614,3,76,3,2,3,4663,12421,9,12,3,2,80,2,7,2,3,3,2,1,1,False,True,True,False,True,False,False,False,False,False,False,False,False,True,False,False,False,False,True,False,True,0,0.7471486151100623,High,Research & Development,Manufacturing Director
28,1451,2,1,1,1136,1,67,2,1,2,3201,19911,0,17,3,1,80,0,6,2,1,5,3,0,4,False,True,True,False,True,False,False,False,False,True,False,False,False,False,False,True,False,False,True,False,False,0,0.3290958053580631,Medium,Research & Development,Research Scientist
56,206,8,4,1,1338,4,99,3,5,2,19717,4022,6,14,3,1,80,0,36,4,3,7,3,7,7,False,True,False,False,True,False,False,False,False,True,False,False,True,False,False,False,False,False,False,True,False,0,0.07375042328934496,Low,Human Resources,Manager
35,1097,11,2,1,70,3,79,2,3,1,9884,8302,2,13,3,3,80,1,10,3,3,4,0,2,3,False,False,True,False,False,False,True,False,False,True,False,False,False,False,False,False,False,False,True,False,True,0,0.33460081004540887,Medium,Research & Development,Healthcare Representative
40,329,1,4,1,1361,2,88,3,1,2,2387,6762,3,22,4,3,80,1,7,3,3,4,2,0,3,False,True,True,False,True,False,False,False,False,True,False,True,False,False,False,False,False,False,True,False,False,0,0.323568658388504,Medium,Research & Development,Laboratory Technician
41,263,6,3,1,957,4,59,3,1,1,4721,3119,2,13,3,3,80,0,20,3,3,18,13,2,17,False,True,True,False,False,False,True,False,False,True,False,True,False,False,False,False,False,False,False,True,True,0,0.24485771474445792,Low,Research & Development,Laboratory Technician
30,921,1,3,1,806,4,38,1,1,3,3833,24375,3,21,4,3,80,2,7,2,3,2,2,0,2,False,True,True,False,True,False,False,False,False,True,False,True,False,False,False,False,False,False,True,False,False,0,0.26121458468661524,Low,Research & Development,Laboratory Technician
46,1034,18,1,1,624,1,86,3,3,3,10527,8984,5,11,3,4,80,0,28,3,2,2,2,1,2,True,False,True,False,False,False,True,False,False,False,False,False,False,False,False,False,False,False,True,False,False,0,0.13362911526765472,Low,Research & Development,Healthcare Representative
30,721,1,2,1,57,3,58,3,2,4,4011,10781,1,23,4,4,80,0,12,2,3,12,8,3,7,True,False,True,False,False,False,True,False,False,False,False,True,False,False,False,False,False,False,False,True,False,0,0.26118080370198743,Low,Research & Development,Laboratory Technician
35,819,2,3,1,1182,3,44,2,3,2,10274,19588,2,18,3,2,80,1,15,2,4,7,7,6,4,False,True,True,False,True,False,False,False,False,True,False,False,False,True,False,False,False,False,False,False,False,0,0.1076894084733516,Low,Research & Development,Manufacturing Director
38,1380,9,2,1,245,3,75,3,1,4,2288,6319,1,12,3,3,80,0,2,3,3,2,2,2,1,False,True,True,False,True,False,False,False,False,False,False,True,False,False,False,False,False,False,False,True,False,0,0.28512750621479094,Low,Research & Development,Laboratory Technician
38,268,2,5,1,773,4,92,3,1,3,3057,20471,6,13,3,2,80,1,6,0,1,1,0,0,1,False,True,True,False,False,False,True,False,False,True,False,False,False,False,False,True,False,False,True,False,True,0,0.73350457733572,High,Research & Development,Research Scientist
44,136,28,3,1,1523,4,32,3,4,1,16328,22074,3,13,3,3,80,1,24,1,4,20,6,14,17,False,True,True,False,True,False,False,False,False,True,False,False,False,False,True,False,False,False,True,False,False,0,0.06087539094315466,Low,Research & Development,Research Director
27,728,23,1,1,1864,2,36,2,2,3,3540,7018,1,21,4,4,80,1,9,5,3,9,8,5,8,False,True,False,True,False,False,True,False,False,False,False,False,False,False,False,False,False,True,True,False,False,0,0.6077001122867033,High,Sales,Sales Representative
28,193,2,3,1,1296,4,52,2,1,4,3867,14222,1,12,3,2,80,1,2,2,3,2,2,2,2,True,False,True,False,True,False,False,False,False,True,False,True,False,False,False,False,False,False,True,False,True,0,0.8934449621031348,High,Research & Development,Laboratory Technician
42,691,8,4,1,35,3,48,3,2,2,6825,21173,0,11,3,4,80,1,10,2,3,9,7,4,2,False,True,False,True,False,True,False,False,False,True,False,False,False,False,False,False,True,False,True,False,False,0,0.22031724164937982,Low,Sales,Sales Executive
32,585,10,3,1,1720,1,56,3,1,3,3433,17360,6,13,3,1,80,1,10,3,2,5,2,1,3,True,False,True,False,True,False,False,False,False,True,False,False,False,False,False,True,False,False,True,False,False,0,0.6807972955037729,High,Research & Development,Research Scientist
26,950,4,4,1,401,4,48,2,2,4,5828,8450,1,12,3,2,80,0,8,0,3,8,7,7,4,False,True,False,True,False,True,False,False,False,True,False,False,False,False,False,False,True,False,False,True,True,1,0.8746772287612447,High,Sales,Sales Executive
29,461,1,3,1,1753,4,70,4,2,3,6294,23060,8,12,3,4,80,0,10,5,4,3,2,0,2,True,False,True,False,True,False,False,False,False,True,False,False,False,False,False,False,False,False,False,True,True,0,0.4904025102572612,Medium,Research & Development,Healthcare Representative
31,587,2,4,1,1324,4,57,3,3,3,9852,8935,1,19,3,1,80,1,10,5,2,10,8,9,6,False,False,False,True,True,False,False,False,False,False,False,False,False,False,False,False,True,False,False,False,True,0,0.25471033156755557,Low,Sales,Sales Executive
41,1356,20,2,1,248,2,70,3,1,2,3140,21728,1,22,4,4,80,0,4,5,2,4,3,0,2,False,True,False,True,False,True,False,False,False,False,False,False,False,False,False,False,False,True,False,True,True,1,0.8940732745400688,High,Sales,Sales Representative
50,1421,2,3,1,1215,4,30,3,4,1,17856,9490,2,22,4,3,80,1,32,3,3,2,2,2,2,True,False,True,False,False,False,True,False,False,False,False,False,True,False,False,False,False,False,True,False,False,0,0.018379295470719675,Low,Research & Development,Manager
33,527,1,4,1,780,4,63,3,1,4,2686,5207,1,13,3,3,80,0,10,2,2,10,9,7,8,False,True,True,False,False,False,False,True,False,True,False,False,False,False,False,True,False,False,False,True,True,1,0.1969907287136804,Low,Research & Development,Research Scientist
47,1454,2,4,1,925,4,65,2,1,4,3294,13137,1,18,3,1,80,0,3,3,2,3,2,1,2,False,True,False,True,True,False,False,False,False,False,False,False,False,False,False,False,False,True,False,True,True,0,0.7330739796610298,High,Sales,Sales Representative
41,933,9,4,1,200,3,94,3,1,1,2238,6961,2,21,4,4,80,1,7,2,3,5,0,1,4,False,True,True,False,True,False,False,False,False,True,False,True,False,False,False,False,False,False,True,False,False,0,0.26184741823138624,Low,Research & Development,Laboratory Technician
31,1276,2,1,1,1974,4,59,1,1,4,1129,17536,1,11,3,3,80,3,1,4,3,1,0,0,0,False,True,True,False,False,False,True,False,False,False,False,True,False,False,False,False,False,False,False,False,True,0,0.4433261157595201,Medium,Research & Development,Laboratory Technician
40,658,10,4,1,954,1,67,2,3,2,9705,20652,2,12,3,2,80,1,11,2,2,1,0,0,0,False,True,False,True,False,True,False,False,False,True,False,False,False,False,False,False,True,False,False,False,False,0,0.7443583005105511,High,Sales,Sales Executive
35,755,9,4,1,496,3,97,2,2,2,6540,19394,9,19,3,3,80,0,10,5,3,1,1,0,0,False,True,True,False,True,False,False,False,False,True,False,False,False,False,False,False,False,False,False,True,False,0,0.3437941477488683,Medium,Research & Development,Healthcare Representative
35,200,18,2,1,1412,3,60,3,3,4,9362,19944,2,11,3,3,80,0,10,2,3,2,2,2,2,True,False,True,False,True,False,False,False,False,True,False,False,False,True,False,False,False,False,False,True,False,0,0.5924200270214095,Medium,Research & Development,Manufacturing Director
55,282,2,2,1,1336,4,58,1,5,3,19187,6992,4,14,3,4,80,1,23,5,3,19,9,9,11,False,True,True,False,False,False,True,False,False,False,False,False,True,False,False,False,False,False,True,False,False,0,0.06451062357595497,Low,Research & Development,Manager
58,1055,1,3,1,1423,4,76,3,5,1,19701,22456,3,21,4,3,80,1,32,3,3,9,8,1,5,False,True,True,False,False,False,True,False,False,False,False,False,False,False,True,False,False,False,True,False,True,0,0.009340952343544732,Low,Research & Development,Research Director
37,1192,5,2,1,460,4,61,3,2,4,6347,23177,7,16,3,3,80,2,8,2,2,6,2,0,4,False,True,True,False,False,False,True,False,False,True,False,False,False,True,False,False,False,False,False,False,False,0,0.03842683840306079,Low,Research & Development,Manufacturing Director
21,996,3,2,1,379,4,100,2,1,3,3230,10531,1,17,3,1,80,0,3,4,4,3,2,1,0,False,True,True,False,False,False,True,False,False,True,False,False,False,False,False,True,False,False,False,True,False,0,0.1882788393472396,Low,Research & Development,Research Scientist
31,106,2,3,1,424,1,62,2,2,1,6410,17822,3,12,3,4,80,0,9,1,3,2,2,1,0,False,True,False,False,False,False,False,False,False,True,True,False,False,False,False,False,False,False,True,False,False,0,0.9160831180193508,High,Human Resources,Human Resources
41,906,5,2,1,1210,1,95,2,1,1,2107,20293,6,17,3,1,80,1,5,2,1,1,0,0,0,False,False,True,False,True,False,False,False,False,True,False,False,False,False,False,True,False,False,False,False,False,1,0.4117300861340629,Medium,Research & Development,Research Scientist
36,1467,11,2,1,154,2,92,3,3,4,9738,22952,0,14,3,3,80,1,10,6,3,9,7,2,8,True,False,False,True,False,False,False,False,True,False,False,False,False,False,False,False,True,False,True,False,False,0,0.10617871980371378,Low,Sales,Sales Executive
32,371,19,3,1,1739,4,80,1,3,3,9610,3840,3,13,3,3,80,1,10,2,1,4,3,0,2,False,True,False,True,True,False,False,False,False,True,False,False,False,False,False,False,True,False,True,False,False,0,0.682346438804572,High,Sales,Sales Executive
39,443,8,1,1,602,3,48,3,1,3,3755,17872,1,11,3,1,80,1,8,3,3,8,3,0,7,True,False,True,False,True,False,False,False,False,False,False,True,False,False,False,False,False,False,True,False,False,0,0.2735098912525199,Low,Research & Development,Laboratory Technician
22,1256,19,1,1,217,3,80,3,1,4,2323,11992,1,24,4,1,80,2,2,6,3,2,2,2,2,False,True,True,False,False,False,True,False,False,True,False,False,False,False,False,True,False,False,True,False,False,0,0.07983272087442304,Low,Research & Development,Research Scientist
43,982,12,3,1,520,1,59,2,4,2,14336,4345,1,11,3,3,80,1,25,3,3,25,10,3,9,False,True,True,False,True,False,False,False,False,True,False,False,False,False,True,False,False,False,False,False,False,0,0.015410690380855,Low,Research & Development,Research Director
34,1326,3,3,1,1478,4,81,1,2,1,4759,15891,3,18,3,4,80,0,15,2,3,13,9,3,12,False,True,False,True,False,False,False,True,False,True,False,False,False,False,False,False,True,False,False,True,False,0,0.07070244146951925,Low,Sales,Sales Executive
28,1083,29,1,1,1514,3,96,1,2,2,6549,3173,1,14,3,2,80,2,8,2,2,8,6,1,7,False,True,True,False,True,False,False,False,False,True,False,False,False,True,False,False,False,False,True,False,False,0,0.2761837392811508,Low,Research & Development,Manufacturing Director
26,683,2,1,1,1407,1,36,2,1,4,3904,4050,0,12,3,4,80,0,5,2,3,4,3,1,1,False,True,True,False,False,False,True,False,False,True,False,False,False,False,False,True,False,False,False,True,False,0,0.347751383499851,Medium,Research & Development,Research Scientist
42,532,4,2,1,319,3,58,3,5,4,19232,4933,1,11,3,4,80,0,22,3,3,22,17,11,15,False,True,True,False,False,False,False,False,True,True,False,False,True,False,False,False,False,False,True,False,False,0,0.06038311860129832,Low,Research & Development,Manager
34,426,10,4,1,1615,3,42,4,2,4,4724,17000,1,13,3,1,80,1,9,3,3,9,7,7,2,True,False,True,False,True,False,False,False,False,True,False,False,False,True,False,False,False,False,False,False,False,0,0.23035736487494393,Low,Research & Development,Manufacturing Director
56,441,14,4,1,161,2,72,3,1,2,4963,4510,9,18,3,1,80,3,7,2,3,5,4,4,3,False,True,True,False,True,False,False,False,False,False,False,False,False,False,False,True,False,False,True,False,True,1,0.6776201703153403,High,Research & Development,Research Scientist
29,1092,1,4,1,2027,1,36,3,1,4,4787,26124,9,14,3,2,80,3,4,3,4,2,2,2,2,False,True,True,False,False,False,True,False,False,True,False,False,False,False,False,True,False,False,True,False,True,1,0.6941394075945831,High,Research & Development,Research Scientist
40,1202,2,1,1,1375,2,89,4,2,3,6377,13888,5,20,4,2,80,3,15,0,3,12,11,11,8,False,True,True,False,False,False,True,False,False,False,False,False,False,False,False,False,False,False,False,False,False,0,0.03186257888906519,Low,Research & Development,Healthcare Representative
24,693,3,2,1,720,1,65,3,2,3,4577,24785,9,14,3,1,80,0,4,3,3,2,2,2,0,False,True,False,True,True,False,False,False,False,False,False,False,False,False,False,False,True,False,False,True,False,1,0.9166143764717194,High,Sales,Sales Executive
36,335,17,2,1,1908,3,33,2,2,2,5507,16822,2,16,3,3,80,2,12,1,1,4,2,1,3,False,True,False,True,False,True,False,False,False,True,False,False,False,False,False,False,True,False,True,False,False,0,0.5695057352195092,Medium,Sales,Sales Executive
43,775,15,3,1,754,4,47,2,2,4,6804,23683,3,18,3,3,80,1,7,5,3,2,2,2,2,True,False,False,True,True,False,False,False,False,True,False,False,False,False,False,False,True,False,True,False,False,0,0.2143433855387072,Low,Sales,Sales Executive
50,1246,3,3,1,644,1,99,3,5,2,18200,7999,1,11,3,3,80,1,32,2,3,32,5,10,7,True,False,False,False,False,False,True,False,False,True,False,False,True,False,False,False,False,False,True,False,False,0,0.2155464344896107,Low,Human Resources,Manager
34,699,6,1,1,31,2,83,3,1,1,2960,17102,2,11,3,3,80,0,8,2,3,4,2,1,3,False,True,True,False,False,False,True,False,False,True,False,False,False,False,False,True,False,False,False,True,False,1,0.3793479505567193,Medium,Research & Development,Research Scientist
42,179,2,5,1,1231,4,79,4,2,1,6272,12858,7,16,3,1,80,1,10,3,4,4,3,0,3,False,False,False,False,False,False,True,False,False,True,True,False,False,False,False,False,False,False,True,False,False,0,0.09528400786857573,Low,Human Resources,Human Resources
42,933,19,3,1,752,3,57,4,1,3,2759,20366,6,12,3,4,80,0,7,2,3,2,2,2,2,True,False,True,False,False,False,True,False,False,True,False,False,False,False,False,True,False,False,False,False,True,1,0.6371758593677247,High,Research & Development,Research Scientist
30,330,1,3,1,1499,3,46,3,1,3,2064,15428,0,21,4,1,80,1,6,3,4,5,3,1,3,False,True,False,False,True,False,False,False,False,True,True,False,False,False,False,False,False,False,False,False,False,0,0.08779961727786223,Low,Human Resources,Human Resources
51,1323,4,4,1,1081,1,34,3,1,3,2461,10332,9,12,3,3,80,3,18,2,4,10,0,2,7,False,True,True,False,True,False,False,False,False,True,False,False,False,False,False,True,False,False,True,False,True,1,0.26762313422125095,Low,Research & Development,Research Scientist
39,1251,21,4,1,1929,1,32,1,2,3,5736,3987,6,19,3,3,80,1,10,1,3,3,2,1,2,False,False,False,True,True,False,False,False,False,False,False,False,False,False,False,False,True,False,True,False,False,0,0.36011492016182833,Medium,Sales,Sales Executive
37,1373,2,2,1,4,4,92,2,1,3,2090,2396,6,15,3,2,80,0,7,3,3,0,0,0,0,False,True,True,False,False,False,False,True,False,True,False,True,False,False,False,False,False,False,False,True,True,1,0.6930925024240566,High,Research & Development,Laboratory Technician
31,1327,3,4,1,337,2,73,3,3,3,13675,13523,9,12,3,1,80,1,9,3,3,2,2,2,2,True,False,True,False,False,False,True,False,False,True,False,False,False,False,True,False,False,False,False,False,False,0,0.14234119341623425,Low,Research & Development,Research Director
27,155,4,3,1,2064,2,87,4,2,2,6142,5174,1,20,4,2,80,1,6,0,3,6,2,0,3,False,True,True,False,True,False,False,False,False,True,False,False,False,True,False,False,False,False,True,False,True,0,0.6384215616978279,High,Research & Development,Manufacturing Director
41,1411,19,2,1,334,3,36,3,2,1,3072,19877,2,16,3,1,80,2,17,2,2,1,0,0,0,False,True,True,False,True,False,False,False,False,True,False,False,False,False,False,True,False,False,False,False,False,0,0.14411476938614182,Low,Research & Development,Research Scientist
47,1309,4,1,1,467,2,99,3,2,3,2976,25751,3,19,3,1,80,0,5,3,3,0,0,0,0,True,False,False,True,False,False,True,False,False,True,False,False,False,False,False,False,False,True,False,True,False,0,0.8444002688572299,High,Sales,Sales Representative
38,1035,3,4,1,1036,2,42,3,2,4,6861,4981,8,12,3,3,80,0,19,1,3,1,0,0,0,False,True,False,True,True,False,False,False,False,True,False,False,False,False,False,False,True,False,False,True,True,0,0.7921146996327756,High,Sales,Sales Executive
26,575,3,1,1,510,3,73,3,1,1,3102,6582,0,22,4,3,80,0,7,2,3,6,4,0,4,True,False,True,False,False,False,False,False,True,True,False,False,False,False,False,True,False,False,False,True,False,1,0.4172436719047708,Medium,Research & Development,Research Scientist
41,314,1,3,1,734,4,59,2,5,3,19189,19562,1,12,3,2,80,1,22,3,3,22,7,2,10,False,True,False,False,False,False,False,False,False,True,False,False,True,False,False,False,False,False,True,False,False,0,0.06741917930830718,Low,Human Resources,Manager
30,109,5,3,1,1017,2,60,3,1,2,2422,25725,0,17,3,1,80,0,4,3,3,3,2,1,2,True,False,True,False,False,False,True,False,False,False,False,True,False,False,False,False,False,False,False,True,False,1,0.82368502249735,High,Research & Development,Laboratory Technician
36,1403,6,3,1,373,4,47,3,1,4,3210,20251,0,11,3,3,80,1,16,4,3,15,13,10,11,False,True,True,False,True,False,False,False,False,True,False,True,False,False,False,False,False,False,True,False,False,0,0.032693536736872406,Low,Research & Development,Laboratory Technician
50,959,1,4,1,1113,4,81,3,2,3,4728,17251,3,14,3,4,80,0,5,4,3,0,0,0,0,True,False,False,True,False,False,False,True,False,True,False,False,False,False,False,False,True,False,False,True,True,1,0.47529344303916965,Medium,Sales,Sales Executive
24,691,23,3,1,639,2,89,4,1,4,2725,21630,1,11,3,2,80,2,6,3,3,6,5,1,4,False,True,True,False,False,False,True,False,False,True,False,False,False,False,False,True,False,False,True,False,True,0,0.40088003897540575,Medium,Research & Development,Research Scientist
31,140,12,1,1,246,3,95,3,1,4,3929,6984,8,23,4,3,80,1,7,0,3,4,2,0,2,False,True,True,False,False,False,True,False,False,False,False,False,False,False,False,True,False,False,True,False,True,0,0.5660432062021177,Medium,Research & Development,Research Scientist
36,530,2,4,1,1710,3,51,3,2,4,4502,7439,3,15,3,3,80,0,17,2,2,13,7,6,7,False,True,False,True,True,False,False,False,False,False,False,False,False,False,False,False,False,True,False,True,False,0,0.540725099817626,Medium,Sales,Sales Representative
52,585,29,4,1,2019,1,40,3,1,4,3482,19788,2,15,3,2,80,2,16,3,2,9,8,0,0,False,False,False,True,True,False,False,False,False,True,False,False,False,False,False,False,False,True,False,False,False,0,0.18517552641783333,Low,Sales,Sales Representative
29,896,18,1,1,315,3,86,2,1,4,2389,14961,1,13,3,3,80,0,4,3,2,4,3,0,1,False,True,True,False,False,False,True,False,False,True,False,False,False,False,False,True,False,False,False,True,True,1,0.7194170799876062,High,Research & Development,Research Scientist
34,829,15,3,1,1485,2,71,3,4,1,17007,11929,7,14,3,4,80,2,16,3,2,14,8,6,9,True,False,True,False,False,False,True,False,False,True,False,False,False,False,True,False,False,False,False,False,False,0,0.1611438924883306,Low,Research & Development,Research Director
32,977,2,3,1,1671,4,45,3,2,2,5470,25518,0,13,3,3,80,2,10,4,2,9,5,1,6,False,True,True,False,False,False,True,False,False,True,False,False,False,False,False,True,False,False,False,False,False,0,0.03167085982170755,Low,Research & Development,Research Scientist
28,1217,1,3,1,1834,3,67,3,1,1,3591,12719,1,25,4,3,80,1,3,3,3,3,2,1,2,False,True,True,False,False,False,True,False,False,False,False,False,False,False,False,True,False,False,True,False,False,0,0.08380060523765578,Low,Research & Development,Research Scientist
59,142,3,3,1,309,3,70,2,1,4,2177,8456,3,17,3,1,80,1,7,6,3,1,0,0,0,False,True,True,False,True,False,False,False,False,True,False,False,False,False,False,True,False,False,True,False,False,0,0.05499762154793774,Low,Research & Development,Research Scientist
46,228,3,3,1,1527,3,51,3,4,2,16606,11380,8,12,3,4,80,1,23,2,4,13,12,5,1,False,True,False,True,True,False,False,False,False,False,False,False,True,False,False,False,False,False,True,False,False,0,0.18537444071987447,Low,Sales,Manager
26,482,1,2,1,1893,2,90,2,1,3,2933,14908,1,13,3,3,80,1,1,3,2,1,0,1,0,False,True,True,False,True,False,False,False,False,False,False,False,False,False,False,True,False,False,True,False,True,0,0.7162029844608189,High,Research & Development,Research Scientist
35,880,12,4,1,1667,4,36,3,2,4,4581,10414,3,24,4,1,80,0,13,2,4,11,9,6,7,True,False,False,True,False,False,False,True,False,True,False,False,False,False,False,False,True,False,False,True,True,1,0.5747394877512275,Medium,Sales,Sales Executive
33,832,5,4,1,338,3,63,2,1,4,2911,14776,1,13,3,3,80,1,2,2,2,2,2,0,2,False,True,True,False,True,False,False,False,False,False,False,False,False,False,False,True,False,False,True,False,False,0,0.09095298639135246,Low,Research & Development,Research Scientist
44,625,4,3,1,852,4,50,3,2,2,5933,5197,9,12,3,4,80,0,10,2,2,5,2,2,3,False,True,True,False,False,False,True,False,False,True,False,False,False,False,False,False,False,False,False,True,False,0,0.33777560373153626,Medium,Research & Development,Healthcare Representative
51,684,6,3,1,162,1,51,3,5,3,19537,6462,7,13,3,3,80,0,23,5,3,20,18,15,15,False,True,True,False,True,False,False,False,False,True,False,False,False,False,True,False,False,False,False,True,False,0,0.09570067385113486,Low,Research & Development,Research Director
40,218,8,1,1,1468,4,55,2,3,2,13757,25178,2,11,3,3,80,1,16,5,3,9,8,4,8,False,False,True,False,False,False,True,False,False,True,False,False,False,False,True,False,False,False,False,False,False,0,0.0023753512852958394,Low,Research & Development,Research Director
39,141,3,3,1,760,3,44,4,2,2,6389,18767,9,15,3,3,80,1,12,3,1,8,3,3,6,False,True,False,False,False,False,False,False,False,False,True,False,False,False,False,False,False,False,True,False,False,0,0.6784581089268283,High,Human Resources,Human Resources
48,708,7,2,1,1691,4,95,3,1,3,2655,11740,2,11,3,3,80,2,19,3,3,9,7,7,7,True,False,False,True,False,False,True,False,False,False,False,False,False,False,False,False,False,True,True,False,True,1,0.49435845590569893,Medium,Sales,Sales Representative
31,715,2,4,1,1613,4,54,3,2,1,5332,21602,7,13,3,4,80,0,10,3,3,5,2,0,3,True,False,False,True,False,False,False,True,False,True,False,False,False,False,False,False,True,False,False,True,False,0,0.5033539105463779,Medium,Sales,Sales Executive
37,309,10,4,1,1105,4,88,2,2,4,6694,24223,2,14,3,3,80,3,8,5,3,1,0,0,0,False,True,False,True,True,False,False,False,False,False,False,False,False,False,False,False,True,False,False,False,True,0,0.21479399165988164,Low,Sales,Sales Executive
28,1144,10,1,1,1056,4,74,3,1,2,1052,23384,1,22,4,2,80,0,1,5,3,1,0,0,0,False,True,False,True,False,False,True,False,False,True,False,False,False,False,False,False,False,True,True,False,False,0,0.5352268824517679,Medium,Sales,Sales Representative
19,419,21,3,1,959,4,37,2,1,2,2121,9947,1,13,3,2,80,0,1,3,4,1,0,0,0,False,True,False,True,False,False,False,True,False,True,False,False,False,False,False,False,False,True,False,True,True,1,0.9657042532875091,High,Sales,Sales Representative
37,663,11,3,1,306,2,47,3,3,4,12185,10056,1,14,3,3,80,3,10,1,3,10,8,0,7,True,False,True,False,False,False,False,True,False,True,False,False,False,False,True,False,False,False,False,False,True,0,0.017156109791349256,Low,Research & Development,Research Director
25,266,1,3,1,1303,4,40,3,1,2,2096,18830,1,18,3,4,80,0,2,3,2,2,2,2,1,False,True,True,False,False,False,True,False,False,False,False,False,False,False,False,True,False,False,False,True,False,0,0.24191851315809756,Low,Research & Development,Research Scientist
41,427,10,4,1,731,2,73,2,5,4,19141,8861,3,15,3,2,80,3,23,2,2,21,6,12,6,False,True,False,False,False,False,False,False,False,True,False,False,True,False,False,False,False,False,False,False,False,0,0.44939146503683614,Medium,Human Resources,Manager
22,1123,16,2,1,22,4,96,4,1,4,2935,7324,1,13,3,2,80,2,1,2,2,1,0,0,0,False,False,True,False,False,False,True,False,False,True,False,True,False,False,False,False,False,False,False,False,True,0,0.3037398989333948,Medium,Research & Development,Laboratory Technician
53,102,23,4,1,901,4,72,3,4,4,14275,20206,6,18,3,3,80,0,33,0,3,12,9,3,8,False,True,True,False,True,False,False,False,False,False,False,False,False,False,True,False,False,False,False,True,False,0,0.006855798595075106,Low,Research & Development,Research Director
50,1464,2,4,1,1061,2,62,3,5,3,19237,12853,2,11,3,4,80,1,29,2,2,8,1,7,7,False,True,True,False,False,False,True,False,False,True,False,False,False,False,True,False,False,False,True,False,True,0,0.06780070663976534,Low,Research & Development,Research Director
44,381,24,3,1,744,1,49,1,1,3,3708,2104,2,14,3,3,80,0,9,5,3,5,2,1,4,False,False,True,False,False,False,True,False,False,True,False,True,False,False,False,False,False,False,False,True,False,0,0.5482120398638711,Medium,Research & Development,Laboratory Technician
43,1179,2,3,1,1706,4,73,3,2,4,7847,6069,1,17,3,1,80,1,10,3,3,10,9,8,8,False,True,False,True,False,False,True,False,False,True,False,False,False,False,False,False,True,False,True,False,True,0,0.22668635819563773,Low,Sales,Sales Executive
54,155,9,2,1,1969,1,67,3,2,3,2897,22474,3,11,3,3,80,2,9,6,2,4,3,2,3,False,True,True,False,True,False,False,False,False,False,False,False,False,False,False,True,False,False,True,False,False,0,0.18266107270613954,Low,Research & Development,Research Scientist
36,216,6,2,1,178,2,84,3,2,2,4941,2819,6,20,4,4,80,2,7,0,3,3,2,0,1,False,True,True,False,False,False,True,False,False,True,False,False,False,True,False,False,False,False,False,False,False,0,0.23092490331942503,Low,Research & Development,Manufacturing Director
46,168,4,2,1,1280,4,33,2,5,2,18789,9946,2,14,3,3,80,1,26,2,3,11,4,0,8,False,True,False,True,False,True,False,False,False,False,False,False,True,False,False,False,False,False,True,False,False,0,0.056218255135062574,Low,Sales,Manager
55,478,2,3,1,1770,3,60,2,5,1,19038,19805,8,12,3,2,80,3,34,2,3,1,0,0,0,False,True,True,False,False,False,True,False,False,True,False,False,False,False,True,False,False,False,True,False,False,0,0.03807622139595053,Low,Research & Development,Research Director
39,1089,6,3,1,1525,2,32,3,3,2,8376,9150,4,18,3,4,80,0,9,3,3,2,0,2,2,False,True,True,False,True,False,False,False,False,False,False,False,False,True,False,False,False,False,False,True,False,0,0.3159377450852919,Medium,Research & Development,Manufacturing Director
21,756,1,1,1,478,1,99,2,1,2,2174,9150,1,11,3,3,80,0,3,3,3,3,2,1,2,True,False,False,True,False,False,False,False,True,False,False,False,False,False,False,False,False,True,False,True,True,1,0.9922226880106085,High,Sales,Sales Representative
43,559,10,4,1,448,3,82,2,2,3,5257,6227,1,11,3,2,80,1,9,3,4,9,7,0,0,True,False,True,False,True,False,False,False,False,False,False,True,False,False,False,False,False,False,False,False,False,0,0.36816780532644927,Medium,Research & Development,Laboratory Technician
51,1169,7,4,1,211,2,34,2,2,3,6132,13983,2,17,3,3,80,0,10,2,3,1,0,0,0,False,True,True,False,False,False,True,False,False,True,False,False,False,True,False,False,False,False,True,False,False,0,0.10993130894442668,Low,Research & Development,Manufacturing Director
31,1398,8,2,1,1461,4,96,4,1,2,2109,24609,9,18,3,4,80,0,8,3,3,3,2,0,2,False,True,False,False,False,False,True,False,False,False,True,False,False,False,False,False,False,False,False,True,False,0,0.1903887290371524,Low,Human Resources,Human Resources
33,1392,3,4,1,5,4,56,3,1,3,2909,23159,1,11,3,3,80,0,8,3,3,8,7,3,0,True,False,True,False,True,False,False,False,False,False,False,False,False,False,False,True,False,False,True,False,True,0,0.3437930799404049,Medium,Research & Development,Research Scientist
50,869,3,2,1,47,1,86,2,1,3,2683,3810,1,14,3,3,80,0,3,2,3,3,2,0,2,False,True,False,True,False,True,False,False,False,True,False,False,False,False,False,False,False,True,True,False,True,1,0.8872015928071163,High,Sales,Sales Representative
45,1234,11,2,1,1045,4,90,3,4,4,17650,5404,3,13,3,2,80,1,26,4,4,9,3,1,1,False,True,False,True,True,False,False,False,False,False,False,False,True,False,False,False,False,False,True,False,False,0,0.01279005205269798,Low,Sales,Manager
33,827,1,4,1,998,3,84,4,2,2,5488,20161,1,13,3,1,80,1,6,2,3,6,5,1,2,True,False,True,False,False,False,False,True,False,False,False,False,False,False,False,False,False,False,True,False,True,0,0.24211479620932447,Low,Research & Development,Healthcare Representative
28,1366,24,2,1,1082,2,72,2,3,1,8722,12355,1,12,3,1,80,0,10,2,2,10,7,1,9,False,False,True,False,False,False,False,False,True,True,False,False,False,False,False,False,False,False,False,True,False,1,0.4492653119168095,Medium,Research & Development,Healthcare Representative
18,812,10,3,1,411,4,69,2,1,3,1200,9724,1,12,3,1,80,0,0,2,3,0,0,0,0,False,True,False,True,False,False,True,False,False,False,False,False,False,False,False,False,False,True,False,True,False,0,0.855133444842009,High,Sales,Sales Representative
35,583,25,4,1,1014,3,57,3,3,3,10388,6975,1,11,3,3,80,1,16,3,2,16,10,10,1,False,True,True,False,False,False,True,False,False,False,False,False,False,False,False,False,False,False,False,False,True,0,0.6904664477435034,High,Research & Development,Healthcare Representative
38,1186,3,4,1,1060,3,44,3,1,3,2821,2997,3,16,3,1,80,1,8,2,3,2,2,2,2,True,False,True,False,False,False,False,True,False,True,False,False,False,False,False,True,False,False,True,False,False,0,0.0956496117465733,Low,Research & Development,Research Scientist
24,823,17,2,1,643,4,94,2,1,2,2127,9100,1,21,4,4,80,1,1,2,3,1,0,0,0,False,True,True,False,False,False,False,True,False,True,False,True,False,False,False,False,False,False,True,False,False,0,0.33466427209936356,Medium,Research & Development,Laboratory Technician
35,538,25,2,1,652,1,54,2,2,4,3681,14004,4,14,3,4,80,0,9,3,3,3,2,0,2,False,True,True,False,False,False,False,True,False,True,False,True,False,False,False,False,False,False,False,True,False,0,0.7360215656664097,High,Research & Development,Laboratory Technician
33,922,1,5,1,612,1,95,4,4,3,16184,22578,4,19,3,3,80,1,10,2,3,6,1,0,5,False,True,True,False,False,False,True,False,False,False,False,False,False,False,True,False,False,False,False,False,False,0,0.01171214335231341,Low,Research & Development,Research Director
37,124,3,3,1,1062,4,35,3,2,2,4107,13848,3,15,3,1,80,0,8,3,2,4,3,0,1,False,True,True,False,False,False,False,True,False,False,False,False,False,False,False,False,False,False,False,True,False,0,0.12692636409644478,Low,Research & Development,Healthcare Representative
36,796,12,5,1,1073,4,51,2,3,4,8858,15669,0,11,3,2,80,0,15,2,2,14,8,7,8,False,True,True,False,False,False,True,False,False,False,False,False,False,True,False,False,False,False,False,True,False,0,0.21807056279315115,Low,Research & Development,Manufacturing Director
24,1206,17,1,1,1009,4,41,2,2,3,4377,24117,1,15,3,2,80,2,5,6,3,4,2,3,2,False,True,True,False,False,False,True,False,False,False,False,False,False,True,False,False,False,False,False,False,False,0,0.07228178195294045,Low,Research & Development,Manufacturing Director
28,995,9,3,1,930,3,77,3,1,3,2377,9834,5,18,3,2,80,1,6,2,3,2,2,2,2,False,True,True,False,False,False,True,False,False,False,False,False,False,False,False,True,False,False,False,False,False,0,0.10605110114269464,Low,Research & Development,Research Scientist
39,492,12,3,1,1654,4,66,3,2,2,5295,7693,4,21,4,3,80,0,7,3,3,5,4,1,0,False,True,True,False,False,False,True,False,False,True,False,False,False,True,False,False,False,False,True,False,False,0,0.22422920226552445,Low,Research & Development,Manufacturing Director
37,1040,2,2,1,139,3,100,2,2,4,5163,15850,5,14,3,4,80,1,17,2,4,1,0,0,0,False,False,True,False,True,False,False,False,False,True,False,False,False,False,False,False,False,False,False,False,False,0,0.004736539815685524,Low,Research & Development,Healthcare Representative
41,857,10,3,1,199,4,91,2,4,1,17181,12888,4,13,3,2,80,1,21,2,2,7,6,7,7,True,False,True,False,True,False,False,False,False,True,False,False,True,False,False,False,False,False,False,False,False,0,0.29837194832181857,Low,Research & Development,Manager
25,882,19,1,1,1358,4,67,3,1,4,3669,9075,3,11,3,3,80,3,7,6,2,3,2,1,2,False,True,True,False,False,False,True,False,False,True,False,True,False,False,False,False,False,False,True,False,False,0,0.19993994767126866,Low,Research & Development,Laboratory Technician
26,1384,3,4,1,1177,1,82,4,1,4,4420,13421,1,22,4,2,80,1,8,2,3,8,7,0,7,False,True,True,False,False,False,True,False,False,True,False,True,False,False,False,False,False,False,True,False,False,0,0.09361046541934828,Low,Research & Development,Laboratory Technician
21,1427,18,1,1,923,4,65,3,1,4,2693,8870,1,19,3,1,80,0,1,3,2,1,0,0,0,False,True,True,False,False,False,False,True,False,False,False,False,False,False,False,True,False,False,False,True,False,1,0.10721431117543735,Low,Research & Development,Research Scientist
26,474,3,3,1,1581,1,89,3,1,4,2061,11133,1,21,4,1,80,0,1,5,3,1,0,0,0,False,True,True,False,True,False,False,False,False,False,False,False,False,False,False,True,False,False,True,False,False,0,0.23225733137210938,Low,Research & Development,Research Scientist
53,607,2,5,1,1572,3,78,2,3,4,10169,14618,0,16,3,2,80,1,34,4,3,33,7,1,9,False,True,True,False,False,False,False,False,True,False,False,False,False,True,False,False,False,False,True,False,False,1,0.008661442896050427,Low,Research & Development,Manufacturing Director
22,534,15,3,1,144,2,59,3,1,4,2871,23785,1,15,3,3,80,0,1,5,3,0,0,0,0,False,True,True,False,False,False,True,False,False,False,False,True,False,False,False,False,False,False,False,True,False,0,0.5848682433513634,Medium,Research & Development,Laboratory Technician
29,1252,23,2,1,824,3,81,4,1,3,2700,23779,1,24,4,3,80,1,10,3,3,10,7,0,7,False,True,True,False,True,False,False,False,False,True,False,False,False,False,False,True,False,False,True,False,False,0,0.019678442632499866,Low,Research & Development,Research Scientist
35,185,23,4,1,1826,2,91,1,1,3,2705,9696,0,16,3,2,80,1,6,2,4,5,4,0,3,False,True,True,False,False,False,True,False,False,True,False,True,False,False,False,False,False,False,True,False,False,0,0.5978531572020693,Medium,Research & Development,Laboratory Technician
34,470,2,4,1,339,4,84,2,2,1,5957,23687,6,13,3,2,80,1,13,3,3,11,9,5,9,False,True,True,False,True,False,False,False,False,True,False,False,False,True,False,False,False,False,True,False,False,0,0.17007058880495315,Low,Research & Development,Manufacturing Director
25,583,4,1,1,885,3,87,2,2,1,4256,18154,1,12,3,1,80,0,5,1,4,5,2,0,3,False,True,False,True,False,True,False,False,False,True,False,False,False,False,False,False,True,False,True,False,False,0,0.6407722923646479,High,Sales,Sales Executive
58,289,2,3,1,977,4,51,3,1,3,2479,26227,4,24,4,1,80,0,7,4,3,1,0,0,0,False,True,True,False,False,False,False,False,True,True,False,False,False,False,False,True,False,False,False,True,False,1,0.2045222269279658,Low,Research & Development,Research Scientist
32,334,5,2,1,21,1,80,4,1,2,3298,15053,0,12,3,4,80,2,7,5,2,6,2,0,5,False,True,True,False,True,False,False,False,False,True,False,False,False,False,False,True,False,False,False,False,True,0,0.19400491661822397,Low,Research & Development,Research Scientist
35,809,16,3,1,14,1,84,4,1,2,2426,16479,0,13,3,3,80,1,6,5,3,5,4,0,3,False,True,True,False,False,False,True,False,False,True,False,True,False,False,False,False,False,False,True,False,False,0,0.2701202591205671,Low,Research & Development,Laboratory Technician
42,933,29,3,1,836,2,98,3,2,2,4434,11806,1,13,3,4,80,1,10,3,2,9,8,7,8,False,True,True,False,True,False,False,False,False,True,False,False,False,True,False,False,False,False,True,False,False,0,0.19896854347212087,Low,Research & Development,Manufacturing Director
32,515,1,3,1,331,4,62,2,1,3,3730,9571,0,14,3,4,80,0,4,2,1,3,2,1,2,False,True,True,False,True,False,False,False,False,True,False,True,False,False,False,False,False,False,False,True,True,1,0.841607653389896,High,Research & Development,Laboratory Technician
37,1141,11,2,1,1033,1,61,1,2,2,4777,14382,5,15,3,1,80,0,15,2,1,1,0,0,0,False,True,True,False,False,False,True,False,False,False,False,False,False,False,False,False,False,False,True,False,False,1,0.5874111819755056,Medium,Research & Development,Healthcare Representative
36,928,1,2,1,857,2,56,3,2,4,6201,2823,1,14,3,4,80,1,18,1,2,18,14,4,11,False,True,False,True,True,False,False,False,False,True,False,False,False,False,False,False,True,False,True,False,True,0,0.14351493771148377,Low,Sales,Sales Executive
31,1125,1,3,1,1956,4,48,1,2,1,5003,5771,1,21,4,2,80,0,10,6,3,10,8,8,7,True,False,True,False,True,False,False,False,False,True,False,False,False,False,False,True,False,False,True,False,False,0,0.41828923791447775,Medium,Research & Development,Research Scientist
28,1181,1,3,1,1799,3,82,3,1,4,2044,5531,1,11,3,3,80,1,5,6,4,5,3,0,3,False,True,True,False,True,False,False,False,False,True,False,False,False,False,False,True,False,False,True,False,False,0,0.02048632530633328,Low,Research & Development,Research Scientist
41,334,2,4,1,410,4,88,3,4,2,16015,15896,1,19,3,2,80,0,22,2,3,22,10,0,4,False,True,False,True,True,False,False,False,False,True,False,False,True,False,False,False,False,False,False,True,False,0,0.07761809869277753,Low,Sales,Manager
40,299,25,4,1,1318,4,57,2,3,2,9094,17235,2,12,3,3,80,0,9,2,3,5,4,1,0,False,True,False,True,False,True,False,False,False,True,False,False,False,False,False,False,True,False,False,True,True,1,0.9655948992636316,High,Sales,Sales Executive
33,1075,3,2,1,910,4,57,3,1,2,2277,22650,3,11,3,3,80,1,7,4,4,4,3,0,3,False,True,False,False,False,False,False,False,False,True,True,False,False,False,False,False,False,False,False,False,True,0,0.4293248930357841,Medium,Human Resources,Human Resources
32,976,26,4,1,333,3,100,3,2,4,4465,12069,0,18,3,1,80,0,4,2,3,3,2,2,2,False,False,False,True,False,True,False,False,False,True,False,False,False,False,False,False,True,False,True,False,False,0,0.16748435040509144,Low,Sales,Sales Executive
38,1321,1,4,1,1995,4,86,3,2,2,4440,7636,0,15,3,1,80,2,16,3,3,15,13,5,8,False,True,False,True,True,False,False,False,False,True,False,False,False,False,False,False,True,False,True,False,False,0,0.029526050132341584,Low,Sales,Sales Executive
35,1180,2,2,1,1804,2,90,3,2,4,5762,24442,2,14,3,3,80,1,15,6,3,7,7,1,7,False,False,True,False,False,False,True,False,False,True,False,False,False,True,False,False,False,False,False,False,False,0,0.002520152410846343,Low,Research & Development,Manufacturing Director
43,574,11,3,1,1971,1,30,3,3,3,7510,16873,1,17,3,2,80,1,10,1,3,10,9,0,9,False,True,True,False,True,False,False,False,False,True,False,False,False,False,False,False,False,False,True,False,False,0,0.08054403787766805,Low,Research & Development,Healthcare Representative
46,706,2,2,1,1857,4,82,3,3,4,8578,19989,3,14,3,3,80,1,12,4,2,9,8,4,7,False,True,True,False,True,False,False,False,False,True,False,False,False,True,False,False,False,False,False,False,False,0,0.023426124516421058,Low,Research & Development,Manufacturing Director
34,1375,10,3,1,1774,4,87,3,2,3,4001,12313,1,14,3,3,80,1,15,3,3,15,14,0,7,False,False,False,True,True,False,False,False,False,True,False,False,False,False,False,False,True,False,False,False,True,0,0.021982517617394278,Low,Sales,Sales Executive
49,1023,2,3,1,2065,4,63,2,2,2,5390,13243,2,14,3,4,80,0,17,3,2,9,6,0,8,True,False,False,True,False,False,True,False,False,True,False,False,False,False,False,False,True,False,True,False,False,0,0.07952351405543932,Low,Sales,Sales Executive
32,120,6,5,1,231,3,43,3,1,3,3038,12430,3,20,4,1,80,0,8,2,3,5,4,1,4,False,True,True,False,True,False,False,False,False,True,False,False,False,False,False,True,False,False,False,True,False,0,0.3065349107541638,Medium,Research & Development,Research Scientist
45,1297,1,4,1,1922,2,44,3,2,3,5399,14511,4,12,3,3,80,0,12,3,3,4,2,0,3,True,False,True,False,False,False,True,False,False,True,False,False,False,False,False,False,False,False,False,True,False,0,0.18209188069558382,Low,Research & Development,Healthcare Representative
29,590,4,3,1,1762,4,91,2,1,1,2109,10007,1,13,3,3,80,1,1,2,3,1,0,0,0,False,True,True,False,False,False,False,False,True,False,False,False,False,False,False,True,False,False,False,False,False,0,0.26281670849840505,Low,Research & Development,Research Scientist
36,1351,9,4,1,1949,1,66,4,1,2,2810,9238,1,22,4,2,80,0,5,3,3,5,4,0,2,False,False,True,False,True,False,False,False,False,True,False,True,False,False,False,False,False,False,True,False,False,0,0.173750561201137,Low,Research & Development,Laboratory Technician
35,1225,2,4,1,771,4,61,3,2,1,5093,4761,2,11,3,1,80,1,16,2,4,1,0,0,0,False,False,True,False,True,False,False,False,False,False,False,False,False,False,False,False,False,False,False,False,False,0,0.007675202302294533,Low,Research & Development,Healthcare Representative
22,1256,3,4,1,1203,3,48,2,1,4,2853,4223,0,11,3,2,80,1,1,5,3,0,0,0,0,True,False,True,False,True,False,False,False,False,True,False,False,False,False,False,True,False,False,True,False,True,1,0.5959912127702848,Medium,Research & Development,Research Scientist
37,799,1,3,1,623,2,59,3,3,4,7491,23848,4,17,3,4,80,0,12,3,4,6,5,1,2,False,True,True,False,False,False,False,False,True,False,False,False,False,True,False,False,False,False,False,True,False,0,0.14549411476700444,Low,Research & Development,Manufacturing Director
23,1309,26,1,1,465,3,83,3,1,4,2904,16092,1,12,3,3,80,2,4,2,2,4,2,0,2,False,True,True,False,True,False,False,False,False,True,False,False,False,False,False,True,False,False,False,False,False,0,0.09160328768846476,Low,Research & Development,Research Scientist
21,1343,22,1,1,669,3,49,3,1,3,3447,24444,1,11,3,3,80,0,3,2,3,3,2,1,2,False,True,False,True,False,False,False,False,True,True,False,False,False,False,False,False,False,True,False,True,False,0,0.8812222901868217,High,Sales,Sales Representative
56,1240,9,3,1,1071,1,63,3,1,3,2942,12154,2,19,3,2,80,1,18,4,3,5,4,0,3,True,False,True,False,False,False,True,False,False,False,False,False,False,False,False,True,False,False,True,False,False,0,0.029685407233721598,Low,Research & Development,Research Scientist
51,541,2,3,1,1391,2,52,3,3,2,10596,15395,2,11,3,2,80,0,14,5,3,4,2,3,2,True,False,False,True,False,True,False,False,False,True,False,False,False,False,False,False,True,False,True,False,False,0,0.5932486978559494,Medium,Sales,Sales Executive
29,906,10,3,1,994,4,92,2,1,1,2404,11479,6,20,4,3,80,0,3,5,3,0,0,0,0,False,True,True,False,True,False,False,False,False,False,False,False,False,False,False,True,False,False,False,True,True,1,0.8212195792783199,High,Research & Development,Research Scientist
50,804,9,3,1,1030,1,64,3,1,4,2380,20165,4,18,3,2,80,0,8,5,3,1,0,0,0,False,True,True,False,True,False,False,False,False,True,False,True,False,False,False,False,False,False,True,False,False,0,0.33900526953510307,Medium,Research & Development,Laboratory Technician
26,703,28,2,1,641,1,66,3,2,2,6272,7428,1,20,4,4,80,2,6,5,4,5,3,1,4,False,True,False,True,False,True,False,False,False,True,False,False,False,False,False,False,True,False,True,False,False,0,0.3751393391667395,Medium,Sales,Sales Executive
39,672,7,2,1,444,3,54,2,5,4,19272,21141,1,15,3,1,80,1,21,2,3,21,9,13,3,True,False,True,False,False,False,True,False,False,True,False,False,True,False,False,False,False,False,True,False,False,0,0.6772399688617857,High,Research & Development,Manager
49,722,25,4,1,1617,3,84,3,1,1,3211,22102,1,14,3,4,80,1,10,3,2,9,6,1,4,False,True,True,False,True,False,False,False,False,False,False,True,False,False,False,False,False,False,True,False,False,0,0.26538136819774105,Low,Research & Development,Laboratory Technician
29,718,8,1,1,1150,2,79,2,2,4,5056,17689,1,15,3,3,80,1,10,2,2,10,7,1,2,False,True,True,False,False,False,True,False,False,True,False,False,False,True,False,False,False,False,True,False,True,0,0.5025857031419384,Medium,Research & Development,Manufacturing Director
32,529,2,3,1,2038,4,78,3,1,1,2439,11288,1,14,3,4,80,0,4,4,3,4,2,1,2,False,True,True,False,False,False,False,False,True,True,False,False,False,False,False,True,False,False,False,True,False,0,0.29119385596044983,Low,Research & Development,Research Scientist
30,1092,10,3,1,1816,1,64,3,3,3,9667,2739,9,14,3,2,80,0,9,3,3,7,7,0,2,False,True,True,False,False,False,True,False,False,False,False,False,False,True,False,False,False,False,False,True,False,0,0.6831428463495555,High,Research & Development,Manufacturing Director
27,1240,2,4,1,54,4,33,3,1,1,2341,19715,1,13,3,4,80,1,1,6,3,1,0,0,0,False,True,True,False,True,False,False,False,False,False,False,True,False,False,False,False,False,False,False,False,False,0,0.13503159007308999,Low,Research & Development,Laboratory Technician
34,937,1,3,1,1950,1,32,3,3,4,9888,6770,1,21,4,1,80,0,14,3,2,14,8,2,1,False,True,False,True,False,True,False,False,False,True,False,False,False,False,False,False,True,False,False,True,False,0,0.6649467499165798,High,Sales,Sales Executive
43,920,3,3,1,1255,3,96,1,5,4,19740,18625,3,14,3,2,80,1,25,2,3,8,7,0,7,False,True,True,False,True,False,False,False,False,True,False,False,False,False,True,False,False,False,True,False,False,0,0.007668771072415715,Low,Research & Development,Research Director
33,603,9,4,1,1157,1,77,3,2,1,8224,18385,0,17,3,1,80,0,6,3,3,5,2,0,3,False,True,False,True,False,True,False,False,False,False,False,False,False,False,False,False,True,False,False,True,True,1,0.9151979889212628,High,Sales,Sales Executive
31,793,20,3,1,1135,3,67,4,1,4,2791,21981,0,12,3,1,80,1,3,4,3,2,2,2,2,True,False,False,True,True,False,False,False,False,True,False,False,False,False,False,False,False,True,True,False,False,0,0.6380888719364434,High,Sales,Sales Representative
43,244,2,3,1,1778,2,97,3,1,4,3539,5033,0,13,3,2,80,0,10,5,3,9,7,1,8,False,True,False,False,True,False,False,False,False,True,True,False,False,False,False,False,False,False,False,True,False,0,0.06295007478370405,Low,Human Resources,Human Resources
44,170,1,4,1,1903,2,78,4,2,1,5033,9364,2,15,3,4,80,1,10,5,3,2,0,2,2,False,True,True,False,True,False,False,False,False,True,False,False,False,False,False,False,False,False,True,False,False,0,0.06458320630077216,Low,Research & Development,Healthcare Representative
36,1456,13,5,1,1733,2,96,2,2,1,6134,8658,5,13,3,2,80,3,16,3,3,2,2,2,2,False,True,False,True,False,True,False,False,False,True,False,False,False,False,False,False,True,False,False,False,True,1,0.74150133991372,High,Sales,Sales Executive
56,1255,1,2,1,1441,1,90,3,1,1,2066,10494,2,22,4,4,80,1,5,3,4,3,2,1,0,False,True,True,False,True,False,False,False,False,False,False,False,False,False,False,True,False,False,True,False,False,0,0.06323708928553463,Low,Research & Development,Research Scientist
37,1372,1,3,1,391,4,42,3,1,4,2115,15881,1,12,3,2,80,0,17,3,3,17,12,5,7,False,True,True,False,True,False,False,False,False,False,False,False,False,False,False,True,False,False,False,True,False,0,0.016639358732366154,Low,Research & Development,Research Scientist
